feature,coef,HR,HR_CI_lower,HR_CI_upper,p_bootstrap_approx
progrec,-0.44862243252122097,0.6385071327158833,0.48149786398989636,0.7881311366421275,0.005
tgrade=III,0.330469819440328,1.391621785869864,1.136083172008433,1.6889660273966691,0.005
pnodes,0.26710268035002094,1.306174557906019,1.1815806535641462,1.5996552462577247,0.005
horTh=yes,-0.16616956756835957,0.8469026147961198,0.7366798197777849,0.9466861040277841,0.01
tgrade=II,0.3040391269448432,1.3553220846646934,1.0709232110907136,1.6732555366390813,0.01
tsize,0.1114849379790024,1.1179369054895756,0.9899288053465577,1.2705994512146346,0.09
menostat=Post,0.12760947197334815,1.1361092335535157,0.9092611842899767,1.4387919198466026,0.21
age,-0.09566160452506868,0.9087714882015369,0.7507340453051671,1.1264165529143704,0.44
estrec,0.030269348788048305,1.0307321230158366,0.8808435100660843,1.1722770593886123,0.73
